{
  "languages" : {
    "english": {
      "a": 0.08167,
      "b": 0.01492,
      "c": 0.02782,
      "d": 0.04253,
      "e": 0.12702,
      "f": 0.02228,
      "g": 0.02015,
      "h": 0.06094,
      "i": 0.06966,
      "j": 0.00153,
      "k": 0.00772,
      "l": 0.04025,
      "m": 0.02406,
      "n": 0.06749,
      "o": 0.07507,
      "p": 0.01929,
      "q": 0.00095,
      "r": 0.05987,
      "s": 0.06327,
      "t": 0.09056,
      "u": 0.02758,
      "v": 0.00978,
      "w": 0.02360,
      "x": 0.00150,
      "y": 0.01974,
      "z": 0.00074
    },
    "german": {
      "a": 0.05659043319827047,
      "b": 0.016207543578168764,
      "c": 0.03513447366274169,
      "d": 0.05384385282680227,
      "e": 0.17349685910858512,
      "f": 0.017240910450602345,
      "g": 0.028907078563076172,
      "h": 0.044380387784515814,
      "i": 0.10355423816387023,
      "j": 0.0026378049112120304,
      "k": 0.01824708345797188,
      "l": 0.03905039023196367,
      "m": 0.019661164441302042,
      "n": 0.07834552524950371,
      "o": 0.027955293285834716,
      "p": 0.008321322709596716,
      "q": 0.0002719386506404155,
      "r": 0.06243711418703941,
      "s": 0.056998341174231096,
      "t": 0.050934109264949824,
      "u": 0.0416881951431757,
      "v": 0.010360862589399831,
      "w": 0.01854621597367634,
      "x": 0.0017404073640986594,
      "y": 0.0011965300628178283,
      "z": 0.012346014739074864
    },
    "french" : {
      "e": 0.173,
      "p": 0.030,
      "a": 0.084,
      "g": 0.013,
      "s": 0.081,
      "v": 0.013,
      "i": 0.073,
      "b": 0.011,
      "n": 0.071,
      "f": 0.011,
      "t": 0.071,
      "q": 0.010,
      "r": 0.066,
      "h": 0.009,
      "l": 0.060,
      "x": 0.004,
      "u": 0.057,
      "j": 0.003,
      "o": 0.053,
      "y": 0.003,
      "d": 0.042,
      "k": 0.001,
      "c": 0.030,
      "w": 0.001,
      "m": 0.030,
      "z": 0.001
    }
  }
}